jwh@hotmail.com,0131 496 0470,home
tabitha.stacey@gmail.com,07837 585417,mobile
srrogers@yahoo.co.uk,07700 900949,mobile
final_fantasy_freak1993@hotmail.com,07700 900909,mobile
sylvia.hathaway@gmail.com,07700 900939,mobile
louis.payne@gmail.com,07700 900654,mobile
u_marsden@gmail.com,0131 496 0745,home
gary_the_man@yahoo.co.uk,0151 496 0777,home
butch@xyz.club,079 6943 8448,mobile
leighton.buzzard@gmail.com,0131 496 0962,work
leighton.buzzard@gmail.com,0117 496 0714,home
mad_maddy@gmail.com,0115 496 0961,work
mad_maddy@gmail.com,020 7946 0501,home
tasha.marsden@gmail.com,078 8934 4229,mobile