jwh@hotmail.com,Jeremy,Wardell,Huddleston,1991-02-13
tabitha.stacey@gmail.com,Tabitha,,Stacey,2005-09-10
srrogers@yahoo.co.uk,Sue,Rosemary,Rogers,1965-07-30
final_fantasy_freak1993@hotmail.com,Kirsten,Aileen Louise,Jackman,1993-10-28
sylvia.hathaway@gmail.com,Sylvia,Loraine,Hathaway,2004-01-02
louis.payne@gmail.com,Louis,Kennard,Payne,2000-05-31
u_marsden@gmail.com,Ulysses,,Marsden,1977-05-07
gary_the_man@yahoo.co.uk,Gary,Carl,Marsden,1985-10-12
butch@xyz.club,Jamie,Eugene Korey,Butcher,1985-09-21
leighton.buzzard@gmail.com,Leighton,Alan,Buzzard,1980-05-17
mad_maddy@gmail.com,Madeleine,,Daubney,1991-03-08
tasha.marsden@gmail.com,Natasha,Joy Bernardette Louise,Marsden,1960-04-28